{"cameraMode":{"drawMode":0,"name":"Shaded","section":"Shading Mode"},"sceneLighting":true,"audioPlay":false,"sceneViewState":{"m_AlwaysRefresh":false,"showFog":true,"showSkybox":true,"showFlares":true,"showImageEffects":true,"showParticleSystems":true,"showVisualEffectGraphs":true,"m_FxEnabled":true},"in2DMode":false,"pivot":{"x":2.6281890869140627,"y":12.061080932617188,"z":-0.9417505264282227},"rotation":{"x":0.18136873841285706,"y":0.016817456111311914,"z":-0.00309387082234025,"w":0.9832947254180908},"size":11.22407054901123,"orthographic":false}