{"cameraMode":{"drawMode":0,"name":"Shaded","section":"Shading Mode"},"sceneLighting":false,"audioPlay":false,"sceneViewState":{"m_AlwaysRefresh":false,"showFog":true,"showSkybox":false,"showFlares":true,"showImageEffects":true,"showParticleSystems":true,"showVisualEffectGraphs":true,"m_FxEnabled":true},"in2DMode":false,"pivot":{"x":-5.82105827331543,"y":4.254546642303467,"z":0.02116495370864868},"rotation":{"x":0.01889270544052124,"y":0.02669370174407959,"z":-0.0005013611516915262,"w":0.9995134472846985},"size":0.878231942653656,"orthographic":false}